label	keepalive	total_reqs	failed_reqs	conc	mean	p95	p98	rqs
suite-2-vulcand-ssl	0	300	0	10	135.607	191	209	73.74
suite-2-vulcand-ssl	0	600	0	20	270.648	414	589	73.90
suite-2-vulcand-ssl	0	1200	0	40	553.464	712	743	72.27
suite-2-vulcand-ssl	0	1800	0	60	793.661	1204	1562	75.60
suite-2-vulcand-ssl	0	2400	0	80	1112.549	1491	1565	71.91
suite-2-vulcand-ssl	0	3000	0	100	1355.581	1714	2114	73.77
suite-2-vulcand-ssl	0	4500	0	150	2084.350	2767	3328	71.96
suite-2-vulcand-ssl	0	6000	0	200	2852.602	4782	6041	70.11
suite-2-vulcand-ssl	0	7500	0	250	3546.973	7430	9755	70.48
suite-2-vulcand-ssl	0	9000	0	300	4212.728	10617	11960	71.21
suite-2-vulcand-ssl	0	10500	0	350	4947.768	10622	11707	70.74
suite-2-vulcand-ssl	0	12000	0	400	5590.301	15372	19364	71.55
suite-2-vulcand-ssl	0	13500	0	450	6245.391	15395	17962	72.05
suite-2-vulcand-ssl	0	15000	0	500	6953.063	15949	18752	71.91
